title,newspaper,url,published_at,plain_text,keyword,relevance_score,source
 ¬ø Hasta cuando puedo cobrar el Bono Alimentario ? ,larazon.pe,https://larazon.pe/hasta-cuando-puedo-cobrar-el-bono-alimentario/,2023-01-03 03:15:00+00:00,"Apoyo econ√≥mico alimentario de S/270 se podr√° cobrar hasta el 30 de abril de 2023
El bono alimentario es un beneficio social econ√≥mico de 270 soles por parte del gobierno peruano hacia 4.2 millones de personas . Las cuales se encuentran en condici√≥n de pobreza y pobreza extrema. Este subsidio se podr√° cobrar hasta el 30 de abril de 2023. Pasado este plazo, el dinero transferido al Banco de la Naci√≥n retormar√° a la entidad de donde sali√≥.
Esta ayuda monetaria se dio con el fin de apoyar a la poblaci√≥n ante el alza de precios de productos de primera necesidad. Si deseas saber si eres acreedor de este beneficio, consulta con tu DNI, aqu√≠: https://www.gob.pe/bonoalimentario.
Adem√°s podr√°s conocer m√°s informaci√≥n sobre la fecha de pago que te corresponde o reportar si tienes problemas con tu bono.
Lee m√°s:
Conoce a qui√©nes comprende la devoluci√≥n de las aportaciones del Fonavi
Modalidades de pago del Bono Alimentario:
- Dep√≥sito en cuenta: Si tienes una cuenta en el Banco de la Naci√≥n o en alguna otra entidad financiera, el Bono Alimentario se depositar√° autom√°ticamente en tu cuenta, seg√∫n corresponda el cronograma de pagos.
- Billetera digital: Para cobrar por Yape, Tunki o Agora PAY, necesitar√°s contar con un celular de gama media con l√≠nea a tu nombre.
- Carritos pagadores: Los carritos pagadores o empresas transportadoras de valores (ETV) llegar√°n a las localidades m√°s alejadas del pa√≠s, especialmente de la sierra y selva, donde no existen entidades financieras.
- Pago en agencias bancarias: Este subsidio se entregar√° en las agencias del Banco de la Naci√≥n a trav√©s de sus ventanillas, √∫nicamente a las personas que no tienen cuenta de bancos o entidades financieras, o tampoco tienen una l√≠nea celular a su nombre.
Algunos de los bonos para este 2023
Se encuentran el ¬´Bono ONP de 350 soles¬ª el cual va dirigido a los pensionistas que cobran bajo modalidad de domicilio. Se les otorgar√° el bono junto con la pensi√≥n del mes de enero. Otro de los bonos es el ¬´Bono docente¬ª de S/950 y S/1,250. Sin embargo, la fecha de entrega a√∫n no ha sido anunciada.","Yape, Yapear, Yapeo",10.0,GDELT
Banco de la Naci√≥n suspendi√≥ servicio de Yape :... ,panamericana.pe,https://panamericana.pe/locales/369337-banco-nacion-suspendio-servicio-yape-abono-error-s-7-millones-clientes,2023-01-04 13:30:00+00:00,"En v√≠speras de Navidad el a√±o pasado, el Banco de la Naci√≥n realiz√≥ retiros de las cuentas de 77 mil clientes por un error de la entidad financiera, pues seg√∫n un reporte del portal Convoca, dicho banco confirm√≥ que esos retiros se realizaron mientras se buscaba recuperar m√°s de S/7 millones que se depositaron err√≥neamente a trav√©s del aplicativo Yape.
EVENTO EXCEPCIONAL TECNOL√ìGICO
Este error en el dep√≥sito se habr√≠a venido generando sistem√°ticamente desde hace m√°s de un a√±o, por ello fue calificado de ‚Äúevento excepcional tecnol√≥gico‚Äù. Seg√∫n reclamos en las redes sociales de la entidad financiera, el problema se gener√≥ desde el pasado 22 de diciembre y a√∫n no se ha solucionado para varios clientes que resultaron afectados por este descuento.
Algunos usuarios reportaron quejas porque pese a no haber recibido el doble dep√≥sito de Yape del banco se les realiz√≥ el denominado ‚ÄúRetiro en Efectivo por regularizaci√≥n‚Äù. Al respecto, Carlos Quevedo, subgerente de Gesti√≥n del Cliente del Banco de la Naci√≥n se√±al√≥ que los clientes que no reconocen esta transacci√≥n est√°n registrando sus reclamos y se les contestar√° seg√∫n los procedimientos realizados internamente, siguiendo la normativa de al SBS.
En tanto, el banco anunci√≥ que el servicio de Yape se ha suspendido temporalmente hasta que se resuelvan los inconvenientes generados. Adem√°s, anunci√≥ que los usuarios podr√°n realizar transferencias y otras operaciones por medio de sus canales alternos como las app, banca por internet o banca celular.
Con informaci√≥n de RPP y Convoca.pe","Yape, Yapear, Yapeo",70.0,GDELT
Banco de la Naci√≥n suspendi√≥ temporalmente operaciones por Yape tras error millonario,peru-retail.com,https://www.peru-retail.com/banco-de-la-nacion-suspendio-temporalmente-operaciones-por-yape-tras-error-millonario/,2023-01-04 04:15:00+00:00,"El a√±o pasado, en v√≠speras de Navidad, el Banco de la Naci√≥n realiz√≥ retiros en las cuentas de 77 mil clientes tras un error de la entidad financiera. Seg√∫n un reporte del portal Convoca, la entidad bancaria confirm√≥ que estos retiros se realizaron mientras se buscaba recuperar m√°s de S/ 7 millones que hab√≠an sido depositados por error a trav√©s del aplicativo Yape.
El error de dep√≥sito se ven√≠a generado sistem√°ticamente desde hace m√°s de un a√±o por lo que clasifican de ‚Äúevento excepcional tecnol√≥gico‚Äù. De acuerdo con los reclamos encontrados en las redes sociales de la entidad financiera, el problema viene gener√°ndose desde el pasado 22 de diciembre y a√∫n no han sido solucionado para varios de los clientes afectados por este descuento.
LEA TAMBI√âN: BBVA inici√≥ cobro de comisi√≥n de S/ 2 y S/ 4 por retiros en cajero: ¬øEn qu√© consiste?
Los usuarios reportan que pese a no haber recibido el doble dep√≥sito de Yape que menciona el banco, se les realiz√≥ el denominado ¬´Retiro en Efectivo por Regularizaci√≥n¬´.
¬´Estamos brindando la informaci√≥n en l√≠nea a aquellas personas que llaman y a las que se acercan a una oficina se les est√°n brindando informaci√≥n de inmediato. Hay algunos clientes que no reconocen este tipo de transacciones. Est√°n en su derecho de registrar un reclamo, se le contestar√° de acuerdo a los procedimientos realizados internamente y siguiendo la normativa de la SBS¬ª, dijo Carlos Quevedo, subgerente de Gesti√≥n del Cliente del Banco de la Naci√≥n, a Convoca.pe.
Banco de la Naci√≥n suspendi√≥ operaci√≥n a trav√©s de Yape
Por el momento el Banco de la Naci√≥n indica que se han suspendido de manera temporal las operaciones a trav√©s de Yape. ¬´Lamentamos los inconvenientes generados, estamos trabajando para reestablecer el servicio en el menor tiempo posible¬ª, se√±alan en un reciente comunicado.
El banco se√±ala que sus usuarios pueden realizar transferencias y otras operaciones a trav√©s de sus canales alternos, como la app, banca por internet o banca celular.
LEA TAMBI√âN: ¬øCu√°l es el salario mensual de un empleado bancario en Scotiabank?
Cabe se√±alar que el Banco de la Naci√≥n tiene aproximadamente 5 millones de clientes en todo el Per√∫, la mayor√≠a de los cuales son trabajadores del Estado, seguidos de pensionistas, jubilados y beneficiarios de programas sociales y bonos del Estado.
Adem√°s, cuenta con una minor√≠a de usuarios independientes que abrieron cuentas de ahorro en distritos donde el Banco de la Naci√≥n es la √∫nica oferta bancaria.
Comunicado sobre operaciones realizadas a trav√©s de Yape. pic.twitter.com/w7bKp9DXmB
‚Äî Banco de la Naci√≥n (@BancodelaNacion) January 2, 2023","Yape, Yapear, Yapeo",70.0,GDELT
Banco de la Naci√≥n cancela operaciones por Yape,expreso.com.pe,https://www.expreso.com.pe/actualidad/banco-de-la-nacion-cancela-operaciones-por-yape/,2023-01-04 20:45:00+00:00,"Banco de la Naci√≥n cancela operaciones por Yape
Luego de que afectara ahorros de m√°s de 70 mil clientes.
¬°ATENCI√ìN! El Banco de la Naci√≥n decidi√≥ suspender temporalmente sus operaciones por medio de la billetera digital Yape, luego de que afectara los ahorros de m√°s de 70 mil clientes.
El n√∫mero exacto de personas perjudicadas asciende a 77 mil, puesto que la financiera quiso recuperar m√°s de 7 millones de soles depositados por error en el referido aplicativo, seg√∫n Convoca.
De acuerdo con la instituci√≥n, el fallo se produjo sistem√°ticamente hace m√°s de un a√±o, a ra√≠z de un ¬´evento excepcional tecnol√≥gico¬ª.
TAMBI√âN LEE: Frustran env√≠o de 200 kilos de droga a Francia
¬´Lamentamos los inconvenientes generados. Estamos trabajando para reestablecer el servicio en el menor tiempo posible¬ª, se lee en un comunicado.
El Banco de la Naci√≥n precis√≥ que, si bien los clientes afectados pueden registrar sus reclamos, las respuestas que reciban se basan en los procedimientos realizados internamente, adem√°s de la normativa de la Superintendencia de Banca y Seguros (SBS).
TE PUEDE INTERESAR:
üíª Nueva ley de teletrabajo reemplaza trabajo remotohttps://t.co/3rMZh9INQN
‚Äî Diario Expreso (@ExpresoPeru) January 4, 2023","Yape, Yapear, Yapeo",90.0,GDELT
Bono Alimentario de 270 soles v√≠a Midis,larazon.pe,https://larazon.pe/bono-alimentario-de-270-soles-via-midis/,2023-01-06 20:45:00+00:00,"Ingresa con DNI y revisa en el link para saber si eres beneficiario del bono
¬°Se continuar√° con el pago del Bono alimentario a todos sus beneficiarios en el 2023! Desde del 31 de octubre del 2022, el Ministerio de Desarrollo e Inclusi√≥n Social (Midis) anunci√≥ mediante
sus canales oficiales que los beneficiados de este nuevo subsidio del Gobierno del Per√∫ ya pueden consultar si les toca cobrar los 270 soles que se les ha asignado desde este momento.
Para que sepas d√≥nde, c√≥mo y desde cu√°ndo cobrar este apoyo monetario te dejamos todos los detalles y as√≠ puedas recibir este bono, el cual llegar√° a m√°s de 4 millones de peruanos.
Recordemos que este Bono alimentario es una gesti√≥n que realiz√≥ el gobierno de Pedro Castillo a ra√≠z del alza de precios de la canasta b√°sica familiar desde el pasado mes de julio. La ayuda econ√≥mica llegar√° a los hogares que se encuentren en situaci√≥n de pobreza y pobreza extrema.
LINK
Para conocer todos los detalles de esta consulta con DNI, te dejamos el enlace oficial aqu√≠: https://www.gob. pe/30727-consultar-si-te-corresponde-el-bono-alimentario
LLAMADA
Los beneficiarios del Bono alimentario pueden consultar m√°s informaci√≥n llamando a la l√≠nea gratuita 101. Los horarios de atenci√≥n para este canal ser√° de lunes a s√°bado de 8:30 am a 5:30 pm, incluyendo los feriados y d√≠as no laborables.
PAGOS
Desde el lunes 31 de octubre del 2022, el Midis anunci√≥ que ya se encuentra disponible la plataforma para saber si te corresponde cobrar los 270 soles del bono alimentario
GRUPO 2
El apoyo econ√≥mico de los 270 soles ser√° entregado de manera excepcional y por √∫nica vez, y beneficiar√° a aproximadamente 4 millones 200 mil personas mayores de edad. Se har√° mediante 4 modalidades.
Las categor√≠as establecidas para que los beneficiarios cobren el Bono Alimentario guardan relaci√≥n con el acceso a los m√©todos de pago, y las cuentas bancarias. En ese sentido, el Grupo 2 qued√≥ integrado por los ciudadanos que habitan en comunidades alejadas de la ciuesta subvenci√≥n en tu cuenta bancaria.
Para saber si te corresponde, ingresa el n√∫mero de tu DNI y su fecha de emisi√≥n. Si necesitas mayor informaci√≥n, comun√≠cate a la l√≠nea gratuita 101 o a trav√©s de las redes sociales de Midis y Pensi√≥n 65. Si eres una persona beneficiaria de este subsidio monetario individual de S/ 270.00, podr√°s recibirlo seg√∫n las siguientes modalidades de pago hasta el 30 de abril de 2023.
¬øC√ìMO SE PAGA?
Dep√≥sito en cuenta Si tienes una cuenta en el Banco de la Naci√≥n o en alguna otra entidad financiera, el Bono Alimentario se depositar√° autom√°ticamente en tu cuenta, seg√∫n corresponda el cronograma de pagos. As√≠ podr√°s retirarlo en cualquier momento a trav√©s de cajeros autom√°ticos o agentes autorizados.
Billetera digital
Las billeteras digitales te permiten disponer de tu Bono Alimentario de manera virtual, para hacer compras o pagos en mercados, quioscos o taxis autorizados, sin tener contacto con dinero. Tambi√©n te permiten realizar retiros en cajeros y agentes del banco donde tienes tu billetera. Para cobrar, necesitar√°s contar con un celular de gama media con l√≠nea a tu nombre.
Carritos pagadores
Los carritos pagadores o empresas transportadoras de valores (ETV) llegar√°n a las localidades m√°s alejadas del pa√≠s, especialmente de la sierra y selva, donde no existen entidades financieras, para entregar el subsidio monetario a las personas beneficiarias en diversos puntos focalizados de las comunidades.
Agencias bancarias
Este subsidio se entregar√° en las agencias del Banco de la Naci√≥n a trav√©s de sus ventanillas, √∫nicamente a las personas que no tienen cuenta de bancos o entidades financieras, o tampoco tienen una l√≠nea celular a su nombre. Se continuar√° pagando el 2023 en sus cuatro modalidades dad, y que cuentan con dif√≠cil acceso a un centro financiero.
La mayor√≠a de personas que conforman este grupo prioritario viven en zonas altoandinas y de la selva peruana, y son asistidos por las plataformas fijas de los Tambos del Programa Nacional PAIS.
OTROS GRUPOS
El subsidio estatal se pagar√° con dep√≥sitos en cuenta bancaria, billeteras digitales, carritos pagadores, y de manera presencial en las ventanillas de agencias bancarias del Banco de la Naci√≥n (BN). Bajo estas modalidades de pago los grupos de beneficiarios quedaron establecidos de la siguiente forma:
‚Äì GRUPO 1
Las personas que sean beneficiarias del Bono Alimentario empezaron a recibir los 270 soles en sus cuentas bancarias o billeteras digitales como Yape, Tunki y Agora.
‚Äì GRUPO 3
Se dispuso que los beneficiarios integrantes de este grupo cobren el Bono Alimentario en las ventanillas del BN a nivel nacional. El pago se har√° efectivo para personas que no tienen cuentas bancarias ni l√≠nea celular identificada, quienes deber√°n llamar al 101 para ser orientados.
‚Äì GRUPO 4
Este grupo beneficiario cobrar√° los 270 soles en billeteras digitales que deber√°n haber creado y aperturado. Esta modalidad est√° dirigida, tambi√©n, para ciudadanos mayores de edad que no cuentan con cuentas bancarias.
EXCLUIDOS
La informaci√≥n compartida por el Midis, tambi√©n, destaca y resalta que el pago del Bono Alimentario no incluir√° a los ciudadanos que cumplan con funciones y cargos p√∫blicos. Estar√°n excluidos de poder recibir los 270 soles, las personas que se encuentren en la base de datos de las declaraciones juradas de autoridades y servidores p√∫blicos que es administrada por la Contralor√≠a General de la Rep√∫blica.
Asimismo, la restricci√≥n abarca a integrantes que sean congresistas, alcaldes de una municipalidad distrital o provincial, regidores, gobernadores, entre otros. Los beneficiarios no deben figurar en los registros de la planilla p√∫blica y privada.
JUNTOS, P-65 Y CONTIGO
Si perteneces a los programas nacionales Juntos, Pensi√≥n 65 y Contigo, ya recibiste","Yape, Yapear, Yapeo",10.0,GDELT
Protestantes en Juliaca no respetan ni a los gatos,expreso.com.pe,https://www.expreso.com.pe/polidatos/protestantes-en-juliaca-no-respetan-ni-a-los-gatos/,2023-01-08 08:00:00+00:00,"Protestantes en Juliaca no respetan ni a los gatos
Irracional la actitud de los manifestantes e infiltrados en la ciudad de Juliaca, que con el pretexto de sacar a la presidenta Dina Boluarte del poder, demuestran que no tienen respeto por la vida humana y atacan a civiles y polic√≠as sin piedad. Tampoco les importa la propiedad p√∫blica y privada, debido a que destrozan todo a su paso.
En la v√≠spera, un video demuestra que estos manifestantes atacan a un joven que transitaba con su bicicleta, llevando a un gatito consigo, y como no se plegaba a la protesta lo atacaron y se ensa√±aron con el pobre felino que qued√≥ muy mal herido. El llanto del joven conmovi√≥ a miles de personas, cuyo video se hizo viral.
CHAVIMOCHIC SIN GARANT√çAS I
El destrabe de la tercera etapa de Chavimochic est√° en la agenda del gobierno de Dina Boluarte. Recientemente, la ministra de Agricultura, Nelly Paredes, dijo a los medios que espera que, a m√°s tardar en febrero pr√≥ximo, se acepte el resultado del laudo arbitral que mantienen con el exconcesionario Consorcio Chavimochic, integrado por Novonor y Aenza. Lo cierto es que el resultado del laudo no fue lo que ambas partes quer√≠an. Ello, porque el Tribunal Arbitral dictamin√≥ que, tanto el Estado como el exconcesionario, se paguen uno a otro US$ 25 millones.
CHAVIMOCHIC SIN GARANT√çAS II
Ante ello, y a pesar de que lo mejor ser√≠a que las partes queden ‚Äútas con tas‚Äù, el Estado buscar√≠a cobrar su parte de los US$ 31 millones de la garant√≠a que deposit√≥ el consorcio al momento de iniciar las obras de Chavimochic III. As√≠ como lo lee. El Estado busca dejar sin garant√≠a las obras avanzadas hasta el momento de un proyecto paralizado desde 2017 y que podr√≠a haber sufrido los embates del Fen√≥meno de la Ni√±a.
SIN JUSTIFICACI√ìN
El tema de recortar el mandato de las m√°ximas autoridades del JNE y la ONPE sigue dando que hablar. Para la exministra de Justicia, Ana Neyra, ese proyecto es peligroso porque las pone a merced del poder pol√≠tico y, en este caso, proponen sacarlas sin ninguna justificaci√≥n. Record√≥ que las bancadas que apoyan esta iniciativa formaron parte de una narrativa de un supuesto fraude; sin embargo, las elecciones de 2021 fueron certificadas por organismos internacionales como transparentes.
¬øHUBO MALTRATO?
La congresista de Cambio Democr√°tico, Ruth Luque, public√≥ en su cuenta de Twitter una foto con personas que ‚Äìasegura- fueron liberadas tras ser detenidas durante las protestas en Lima. La legisladora cuestion√≥ a los efectivos de la Comisar√≠a de Cotabambas porque seg√∫n ‚Äìmenciona- estas fueron maltratadas. ‚ÄúNing√∫n control de identidad amerita restringir libertad de una persona, hacer ello es vulnerar sus derechos, las personas refirieron haber sido maltratadas‚Äù, escribi√≥.
MANTIENE LA DEFENSA
Luego de que varios abogados se ocuparan del caso del expresidente Pedro Castillo, ahora ha trascendido que el abogado Eduardo Pachas es quien mantiene la defensa legal del ‚Äúchotano‚Äù. En ese sentido, el jurista se√±ala que a su defendido le correspond√≠a el antejuicio pol√≠tico en el Congreso de la Rep√∫blica, antes del proceso de vacancia. Pachas ahora guarda perfil bajo para generar m√°s ‚Äúhinchaz√≥n‚Äù a tan complejo caso.
NI EN LA SOMBRA
Por otro lado, se sabe que los abogados ligados al congresista Guillermo Bermejo, que asumieron la defensa Pedro Castillo, como Ronald Atencio, jam√°s presentaron ante el Poder Judicial la documentaci√≥n que los acreditaba como abogados del expresidente y nunca manifestaron donde se les ten√≠a que notificar o al menos un n√∫mero celular, por lo que varios juristas cuestionan la seriedad con que se asumi√≥ el caso.
RECUERDAN A BRUNO
Varios octogenarios apristas recuerdan que el exsecretario general de Palacio de Gobierno, Bruno Pacheco, era un asiduo concurrente a la Casa del Pueblo en la avenida Alfonso Ugarte en el verano de 1985, donde Alan Garc√≠a era el candidato de la estrella. De esta forma, en la vieja guardia aprista recuerdan que se trataba (en aquel entonces) de ‚Äúun alegre simpatizante‚Äù.
EN ESPERA
Desde el Jurado Nacional de Elecciones nos informan que 15 partidos pol√≠ticos est√°n en proceso de inscripci√≥n. Transcendi√≥ que hay ‚Äúnuevo partidos y viejos conocidos‚Äù como Virgilio Acu√±a, Mart√≠n Vizcarra y tambi√©n Pedro Cateriano, quien parece que quiere ‚Äúrevivir‚Äù al ya casi olvidado ‚ÄúPartido Libertad‚Äù que postul√≥ a Mario Vargas Llosa en 1990.
LAS INVERSIONES
Las decisiones de inversi√≥n en nuevos proyectos para este a√±o se mantienen en stand by. El sector privado no invertir√° el 2023. Por el lado del sector p√∫blico, es com√∫n que al asumir nuevas autoridades en los gobiernos subnacionales, las inversiones y gastos se demoren algunos meses, mientras ellos aprenden la din√°mica de trabajo del Estado. En este escenario, pues tendremos un primer semestre con inversi√≥n negativa y un segundo probablemente tendiendo a cero. Esto implica un golpe duro a la econom√≠a nacional.
‚ÄúYA‚ÄôPE‚Äù, QU√â ABUSIVOS‚Ä¶
Acaba de trascender que, de agosto de 2020 a diciembre de 2022, m√°s de 77 mil clientes del Banco de la Naci√≥n (BN) que manten√≠an sus cuentas afiliadas a la billetera digital ‚ÄúYAPE‚Äù (del banco de Cr√©dito), habr√≠an recibido ‚Äìpor error‚Äì transferencias duplicadas de dicho aplicativo. El problema es que el BN inici√≥ un sorpresivo proceso de ‚Äúrecuperaci√≥n‚Äù del dinero del Estado, que superaba los siete millones de soles. En consecuencia, las decenas de miles de ahorristas se vieron afectados con el recorte s√∫bito de sus montos en cuenta.
Lea la nota completa en nuestra versi√≥n impresa o en nuestra versi√≥n digital, AQU√ç.
Mira m√°s contenidos sigui√©ndonos en Facebook, Twitter e Instagram, y √∫nete a nuestro grupo de Telegram para recibir las noticias del momento.","Yape, Yapear, Yapeo",20.0,GDELT
 ¬ø C√≥mo saber si soy acreedor del Bono Alimentario ? ,larazon.pe,https://larazon.pe/como-saber-si-soy-acreedor-del-bono-alimentario/,2023-01-08 02:00:00+00:00,"Ayuda monetaria se focaliza en grupos de situaci√≥n econ√≥mica vulnerable
El bono alimentario es un beneficio social econ√≥mico de 270 soles por parte del gobierno peruano hacia 4.2 millones de personas . Las cuales se encuentran en condici√≥n de pobreza y pobreza extrema. Este subsidio se podr√° cobrar hasta el 30 de abril de 2023. Pasado ese plazo, el dinero transferido al Banco de la Naci√≥n retornar√° a la entidad de donde sali√≥.
Esta ayuda monetaria se dio con el fin de apoyar a la poblaci√≥n ante el alza de precios de productos de primera necesidad. Si deseas saber si eres acreedor de este beneficio, consulta con tu DNI, aqu√≠: https://www.gob.pe/bonoalimentario.
Adem√°s, podr√°s conocer m√°s informaci√≥n sobre la fecha de pago que te corresponde o reportar si tienes problemas con tu bono. Sin embargo, si necesitas mayor informaci√≥n comun√≠cate a la l√≠nea gratuita 101 o a trav√©s de las redes sociales de Midis y Pensi√≥n 65.
Requisitos para recibir el BONO ALIMENTARIO:
- Personas en situaci√≥n de pobreza o pobreza extrema, seg√∫n el Sistema de Focalizaci√≥n de Hogares (Sisfoh).
- Hogares sin ingresos ni de la planilla privada ni de la planilla p√∫blica, incluyendo a los pensionistas y a la modalidad formativa.
- Hogares cuyos ingresos no superen el monto de la remuneraci√≥n m√≠nima vital de S/ 1,025.00.
- Si perteneces a los programas nacionales Juntos, Pensi√≥n 65 y Contigo, ya recibiste esta subvenci√≥n en tu cuenta bancaria en el mes de agosto de 2022.
Modalidades de pago del Bono Alimentario:
- Dep√≥sito en cuenta: Si tienes una cuenta en el Banco de la Naci√≥n o en alguna otra entidad financiera, el Bono Alimentario se depositar√° autom√°ticamente en tu cuenta, seg√∫n corresponda el cronograma de pagos.
- Billetera digital: Para cobrar por Yape, Tunki o Agora PAY, necesitar√°s contar con un celular de gama media con l√≠nea a tu nombre.
- Carritos pagadores: Los carritos pagadores o empresas transportadoras de valores (ETV) llegar√°n a las localidades m√°s alejadas del pa√≠s, especialmente de la sierra y selva, donde no existen entidades financieras.
- Pago en agencias bancarias: Este subsidio se entregar√° en las agencias del Banco de la Naci√≥n a trav√©s de sus ventanillas, √∫nicamente a las personas que no tienen cuenta de bancos o entidades financieras, o tampoco tienen una l√≠nea celular a su nombre.
Lee m√°s:","Yape, Yapear, Yapeo",10.0,GDELT
Arriba mi Gente : Madre busca un coraz√≥n para su hijo de 2 a√±os,latina.pe,https://www.latina.pe/entretenimiento/arriba-mi-gente/arriba-mi-gente-madre-busca-un-corazon-para-su-hijo-de-2-anos,2023-01-11 17:30:00+00:00,"Momento complicado. Esta ma√±ana, repasamos en Arriba mi Gente el caso del peque√±o Eli√°n, quien cuenta con un problema en el coraz√≥n. Su madre, Asunciona Vega, est√° en b√∫squeda de un trasplante de este √≥rgano vital para poder permitir vivir a su hijo de apenas 1 a√±o y 8 meses.
‚ÄúSu coraz√≥n est√° muy grande. Me dijeron que √©l no iba a sobrevivir, que desde un inicio necesitaba un nuevo coraz√≥n‚Äù. Estas fueron las palabras de la madre del peque√±o Eli√°n, quien sostuvo que la b√∫squeda por el √≥rgano que necesita su hijo es muy complicada.
Cabe destacar que si usted est√° dispuesto a ayudar al peque√±o, estos son los n√∫meros para poder brindarle soporte econ√≥mico y en Arriba mi Gente los mostramos:
Yape: 923 720 117 (Asunciona Vega)
Cuenta BBVA: 0011 0316 0200 751 467","Yape, Yapear, Yapeo",10.0,GDELT
BCR estudia monedas digitales para su integraci√≥n al sistema peruano,peru-retail.com,https://www.peru-retail.com/bcr-estudia-monedas-digitales-para-su-integracion-al-sistema-peruano/,2023-01-19 19:45:00+00:00,"El Banco Central de Reserva del Per√∫ (BCR) se encuentra estudiando la aplicaci√≥n de las monedas digitales en la econom√≠a. Seg√∫n revel√≥ Julio Velarde, presidente de la entidad, su integraci√≥n permitir√≠a impulsar la bancarizaci√≥n de peruanos no afiliados al sistema financiero.
Durante su intervenci√≥n en el panel ‚ÄúFrente a la fragilidad: monedas digitales del banco central‚Äù de la Reuni√≥n Anual del Foro Econ√≥mico Mundial (Foro de Davos) en Suiza, Velarde dio detalles sobre la investigaci√≥n del BCR respecto a las divisas virtuales.
El banquero abri√≥ el panel se√±alando que la motivaci√≥n del BCR en explorar las monedas digitales tiene que ver con ‚Äúhacer un sistema de pagos m√°s eficiente‚Äù. ‚ÄúVemos una moneda centralizada digital como una soluci√≥n para las personas no bancarizadas. Si tenemos un record de todas sus transacciones ser√° m√°s f√°cil que tengan acceso al cr√©dito. Hemos visto a muchas fintech que quieren acceder a esta informaci√≥n‚Äù, dijo Velarde en la conferencia del mi√©rcoles 18.
De acuerdo con el Instituto Nacional de Estad√≠stica e Inform√°tica (INEI), a nivel nacional solo el 54% de la poblaci√≥n posee una cuenta en el sistema financiero. Es decir, hay un grueso 46% de peruanos que a√∫n no est√°n bancarizados, lo que los limita a acceder a financiamiento.
LEE TAMBI√âN: Econom√≠a peruana creci√≥ menos de 2,9% en el 2022, estima el BCR
La moneda digital que menciona Velarde viene siendo trabajada desde hace unos a√±os por el BCR y es b√°sicamente la versi√≥n digital de la moneda f√≠sica de curso legal (el sol) y es un pasivo del banco central. Esta puede ponerse a disposici√≥n del p√∫blico para que lleve a cabo el pago de transacciones de forma digital.
En concreto, la relaci√≥n entre el BCR y las monedas digitales data desde 2021, cuando el banquero coment√≥ sobre la posibilidad de que la entidad emita una para transacciones. El economista entonces agreg√≥ que el proyecto de la moneda digital est√° m√°s avanzado frente a otros bancos centrales de pa√≠ses europeos, pero m√°s retrasados que M√©xico y Brasil.
Velardo record√≥ en su ponencia durante el Foro de Davos que el avance de las billeteras electr√≥nicas (como Yape y Plin) permiti√≥ acelerar la digitalizaci√≥n del sistema financiero peruano. Aun as√≠, todav√≠a hay mucho camino para el desarrollo de una moneda digital controlada. ‚ÄúNo sabemos exactamente la f√≥rmula. Estamos trabajando con el FMI en un proyecto piloto peque√±o, pero es muy dif√≠cil saber qu√© pasar√°‚Äù, anot√≥.
Cabe mencionar que actualmente, tras la pandemia, cerca del 70% de la poblaci√≥n ya usa las billeteras digitales para hacer transacciones.
LEE TAMBI√âN: Usuarios podr√°n realizar transferencias entre Yape y Plin
Consultado sobre c√≥mo pueden trabajar los sectores p√∫blicos y privados en una moneda digital central, Velarde dijo: ‚ÄúEl rol de los bancos centrales es regular los est√°ndares, pero m√°s del sector privado es la innovaci√≥n. Ellos (los bancos del sector privado) van a ser los que van a innovar y crear nuevos productos. Eso es muy importante‚Äù, agreg√≥. ‚ÄúLo que es importante para el Banco Central es crear estos est√°ndares y fomentar la competencia‚Äù, reforz√≥.
Velarde estuvo sentado a la par de expertos y funcionarios involucrados en finanzas digitales. Entre ellos Neha Narula, directora de la Iniciativa de Monedas Digitales del MIT Media Lab; Lieve Mostrey, CEO de Euroclear Group Management Committee; Lesetja Kganyago, presidente del Banco de la Reserva de Sud√°frica; Javier Perez Tasso, CEO de Swift; Amir Yaron, profesor de banca y finanzas en Wharton School; y Drew Propson, jefe de tecnolog√≠a e innovaci√≥n en servicios financieros en el WEF.","Yape, Yapear, Yapeo",20.0,GDELT
BCR prepara moneda digital para incluir a m√°s peruanos en el sistema financiero,peru-retail.com,https://www.peru-retail.com/bcr-prepara-moneda-digital-para-incluir-a-mas-peruanos-en-el-sistema-financiero/,2023-01-20 00:15:00+00:00,"El Banco Central de Reserva del Per√∫ (BCR) se encuentra estudiando la aplicaci√≥n de las monedas digitales en la econom√≠a. Seg√∫n revel√≥ Julio Velarde, presidente de la entidad, su integraci√≥n permitir√≠a impulsar la bancarizaci√≥n de peruanos no afiliados al sistema financiero.
Durante su intervenci√≥n en el panel ¬´Frente a la fragilidad: monedas digitales del banco central¬ª de la Reuni√≥n Anual del Foro Econ√≥mico Mundial (Foro de Davos) en Suiza, Velarde dio detalles sobre la investigaci√≥n del BCR respecto a las divisas virtuales.
El banquero abri√≥ el panel se√±alando que la motivaci√≥n del BCR en explorar las monedas digitales tiene que ver con ¬´hacer un sistema de pagos m√°s eficiente¬ª. ¬´Vemos una moneda centralizada digital como una soluci√≥n para las personas no bancarizadas. Si tenemos un record de todas sus transacciones ser√° m√°s f√°cil que tengan acceso al cr√©dito. Hemos visto a muchas fintech que quieren acceder a esta informaci√≥n¬ª, dijo Velarde en la conferencia del mi√©rcoles 18.
De acuerdo con el Instituto Nacional de Estad√≠stica e Inform√°tica (INEI), a nivel nacional solo el 54% de la poblaci√≥n posee una cuenta en el sistema financiero. Es decir, hay un grueso 46% de peruanos que a√∫n no est√°n bancarizados, lo que los limita a acceder a financiamiento.
LEE TAMBI√âN: Econom√≠a peruana creci√≥ menos de 2,9% en el 2022, estima el BCR
La moneda digital que menciona Velarde viene siendo trabajada desde hace unos a√±os por el BCR y es b√°sicamente la versi√≥n digital de la moneda f√≠sica de curso legal (el sol) y es un pasivo del banco central. Esta puede ponerse a disposici√≥n del p√∫blico para que lleve a cabo el pago de transacciones de forma digital.
En concreto, la relaci√≥n entre el BCR y las monedas digitales data desde 2021, cuando el banquero coment√≥ sobre la posibilidad de que la entidad emita una para transacciones. El economista entonces agreg√≥ que el proyecto de la moneda digital est√° m√°s avanzado frente a otros bancos centrales de pa√≠ses europeos, pero m√°s retrasados que M√©xico y Brasil.
Velardo record√≥ en su ponencia durante el Foro de Davos que el avance de las billeteras electr√≥nicas (como Yape y Plin) permiti√≥ acelerar la digitalizaci√≥n del sistema financiero peruano. Aun as√≠, todav√≠a hay mucho camino para el desarrollo de una moneda digital controlada. ¬´No sabemos exactamente la f√≥rmula. Estamos trabajando con el FMI en un proyecto piloto peque√±o, pero es muy dif√≠cil saber qu√© pasar√°¬ª, anot√≥.
Cabe mencionar que actualmente, tras la pandemia, cerca del 70% de la poblaci√≥n ya usa las billeteras digitales para hacer transacciones.
LEE TAMBI√âN: Usuarios podr√°n realizar transferencias entre Yape y Plin
Consultado sobre c√≥mo pueden trabajar los sectores p√∫blicos y privados en una moneda digital central, Velarde dijo: ¬´El rol de los bancos centrales es regular los est√°ndares, pero m√°s del sector privado es la innovaci√≥n. Ellos (los bancos del sector privado) van a ser los que van a innovar y crear nuevos productos. Eso es muy importante¬ª, agreg√≥. ¬´Lo que es importante para el Banco Central es crear estos est√°ndares y fomentar la competencia¬ª, reforz√≥.
Velarde estuvo sentado a la par de expertos y funcionarios involucrados en finanzas digitales. Entre ellos Neha Narula, directora de la Iniciativa de Monedas Digitales del MIT Media Lab; Lieve Mostrey, CEO de Euroclear Group Management Committee; Lesetja Kganyago, presidente del Banco de la Reserva de Sud√°frica; Javier Perez Tasso, CEO de Swift; Amir Yaron, profesor de banca y finanzas en Wharton School; y Drew Propson, jefe de tecnolog√≠a e innovaci√≥n en servicios financieros en el WEF.","Yape, Yapear, Yapeo",20.0,GDELT
Yape : ¬ø Cu√°les son todos los servicios que puedes pagar a trav√©s de la aplicaci√≥n ? ,peru-retail.com,https://www.peru-retail.com/yape-cuales-son-todos-los-servicios-que-puedes-pagar-a-traves-de-la-aplicacion/,2023-01-27 23:15:00+00:00,"Yape anunci√≥ que ahora sus usuarios podr√°n pagar diversos servicios como luz, gas y tel√©fono a trav√©s del aplicativo m√≥vil, desde la comodidad de tu hogar o en cualquier lugar donde se encuentren. De esta manera, la app beneficiar√° a sus 12 millones de clientes a nivel nacional.
Recordemos que Yape es una aplicaci√≥n m√≥vil del Banco de Cr√©dito del Per√∫ (BCP), la cual se ha convertido en una de las m√°s utilizadas en todo el Per√∫ debido a su facilidad de uso para realizar transacciones, como enviar y recibir dinero, de manera virtual y gratuita las 24 horas del d√≠a. Ahora, una actualizaci√≥n del aplicativo permitir√° a sus usuarios pagar servicios de diferentes empresas.
¬øQu√© servicios puedes pagar con Yape?
El usuario deber√° ingresar al men√∫ de la aplicaci√≥n y hacer clic en ‚ÄúYapear Servicios‚Äù. No obstante, si no aparece esta opci√≥n activada tendr√° que actualizar Yape a trav√©s de Play Store y esperar unos segundos.
Es importante destacar que esta opci√≥n solo est√° disponible para los usuarios Yape con DNI y Yape con BCP.
Desde ahora, los yaperos podr√°n pagar los siguientes servicios: Cabe (DirecTV), consumo de gas (C√°lidda y Quavii-Gdp), consumo de luz (Electrocentro, Electronorte, Enel, Enosa e Hidrandina), telecomunicaciones (Bitel y Entel), ventas por cat√°logo (Yanbal).
En tanto, son 11 las empresas que est√°n vinculadas con Yape para que sus clientes puedan subsanar directamente sus deudas. Rufino Arribas, l√≠der de Yape, recalca que se realizar√°n al menos 40 millones de transacciones con este nuevo mecanismo de pagos.
Les tambi√©n: ¬øPuedo cancelar un pago de Yape si me equivoqu√© de monto o contacto al realizar una transferencia?
¬´En el a√±o, esperamos tambi√©n sumar m√°s aliados para potenciar este servicio y permitir que m√°s yaperos tengan la confianza de hacer sus pagos en cualquier momento y lugar¬ª, a√±adi√≥.
Otros servicios que ofrece la app son las recargas de celulares, el bot√≥n de pago para pagos por Internet, las transferencias de dinero, invertir tu dinero en tyba desde S/20, los microcr√©ditos de hasta S/200 sujeto a condiciones, y Yape Promos.
Requisitos para registrarte en Yape
Yape solicita el documento de identidad y un correo electr√≥nico de uso personal para que el usuario pueda registrarse en la plataforma. De esta manera contar√° con tres opciones de afiliaci√≥n: Tarjeta del BCP, DNI (sin necesidad de tener tarjeta o cuenta bancaria), Otra tarjeta d√©bito VISA (Mibanco, Caja Cusco, Caja Piura, Caja Tacna, Caja Trujillo, Caja Sullana y Banco de la Naci√≥n).
Estos son los tipos de cuenta Yape que existen
La aplicaci√≥n ofrece cuatro tipos de cuentas a elecci√≥n del usuario (Yape con DNI, cuenta Yape con DNI, Yape con BCP, Yape con otras entidades financieras). Para cambiar la opci√≥n seleccionada, solo tendr√° que volver a instalar la app en su m√≥vil.","Yape, Yapear, Yapeo",100.0,GDELT
4 recomendaciones para invertir desde Yape en tyba,commondigital.commonperu.com,http://www.commondigital.commonperu.com/index.php/locales/44873-4-recomendaciones-para-invertir-desde-yape-en-tyba,2023-02-08 05:45:00+00:00,"4 recomendaciones para invertir desde Yape en tyba
- ‚ÄúInvierte con tyba‚Äù es la nueva funcionalidad disponible en Yape, desde noviembre pasado, para invertir en fondos mutuos administrados por Credicorp Capital S.A SAF
Lima, 17 de enero de 2023 - Seg√∫n el √∫ltimo estudio del √çndice de √Ånimo Inversionista publicado por tyba, la app de inversiones del BCP, a finales del 2022, el 58% de los peruanos considera alguna probabilidad de invertir su dinero en los pr√≥ximos 6 meses. Con el fin de seguir facilitando el acceso al mundo de las inversiones, la compa√±√≠a anunci√≥ recientemente su alianza con Yape para que cerca de 7 millones de yaperos puedan invertir desde su celular de manera f√°cil y r√°pida en fondos mutuos, gracias a la nueva funcionalidad ‚ÄúInvierte con tyba‚Äù.
Si eres un yapero con curiosidad por probar esta nueva funcionalidad de la app, tyba te comparte cuatro recomendaciones para que empieces este 2023 invirtiendo con el pie derecho:
1. Determina los objetivos de inversi√≥n:
Primero debes preguntarte qu√© metas quieres alcanzar y en cu√°nto tiempo. No es lo mismo querer comprar un celular nuevo en un a√±o, que financiarse un estudio en el exterior en 3 a√±os, abrir un negocio en 5 o comprar un departamento en 10 a√±os. Tener un objetivo establecido y un tiempo definido te permitir√° tener un norte claro hacia tu futuro, con lo cual podr√°s armar un portafolio de inversi√≥n que te funcione para tus metas de corto, mediano y largo plazo.
Recuerda que es muy importante hacer una investigaci√≥n previa para poder tomar buenas decisiones financieras y mantenerte actualizado con los acontecimientos de la coyuntura nacional e internacional. Por ejemplo, tyba cuenta con una secci√≥n denominada educatyba, donde encuentras contenido sencillo de educaci√≥n financiera, an√°lisis de mercados y tips de inversi√≥n para que puedas tomar decisiones conscientes e informadas sobre tus finanzas personales.
2. Elige el monto de tu inversi√≥n:
Tyba ofrece un amplio abanico de opciones para invertir, tanto en Per√∫ como en el extranjero. Si eres nuevo en el mundo de las inversiones, empieza probando con sumas de dinero menores. En tyba podr√°s encontrar algunos fondos mutuos con inversi√≥n m√≠nima desde 5 USD o S/ 20. Ten en cuenta que el monto de inversi√≥n depende de cada fondo. Tambi√©n es importante que sepas que tyba no tiene costos de transacci√≥n y todo funciona de forma digital.
3. Identifica los fondos que te interesen y arma un portafolio balanceado:
Esto depende de tu perfil de riesgo como inversionista, es decir, qu√© tan tolerante al riesgo eres. Puedes ser arriesgado, moderado o m√°s bien conservador. Lo m√°s adecuado siempre ser√° encontrar un balance para mezclar diferentes tipos de activos, tanto de renta variable como de renta fija. Si eliges un producto de alto riesgo, con mayor volatilidad a largo plazo, puedes combinarlo con un producto de bajo riesgo a corto plazo. Tambi√©n puedes elegir alternativas que te permitan tener diferentes tipos de activos en un mismo ‚Äúpaquete‚Äù, como los fondos mutuos de renta mixta.
4. Diversifica:
Al momento de invertir es importante diversificar tus inversiones eligiendo distintos tipos de activos (renta fija y renta variable), sectores (consumo masivo, tecnolog√≠a, etc.), pa√≠ses o regiones (EE. UU., Europa, Per√∫, Latam, etc.) y tem√°ticas (innovaci√≥n, sostenibilidad, etc.), con el fin de mitigar los riesgos asociados a las inversiones. Desde Yape, en la secci√≥n ""Invierte con tyba"", los usuarios pueden tener acceso a esta amplia variedad de opciones.
Yapero, si esta es tu primera vez invirtiendo, es muy importante que tengas en cuenta que toda inversi√≥n tiene cierto nivel de riesgo, pues este es inherente a las inversiones y que estas no te har√°n millonario de la noche a la ma√±ana, ya que es un h√°bito que requiere de paciencia, disciplina y tiempo para ver los frutos.
La funci√≥n ‚ÄúInvierte con tyba‚Äù est√° disponible en Yape. Para poder acceder, los yaperos tienen que estar registrados en Yape con su cuenta BCP, ser residente fiscal en el Per√∫, contar con un DNI vigente, no haber tenido presencia sustancial en los EE. UU. y no ejercer o haber ejercido una funci√≥n p√∫blica destacada en los √∫ltimos 2 a√±os.","Yape, Yapear, Yapeo",100.0,GDELT
Familia pide respeto para menor que sobrevivi√≥ ... ,panamericana.pe,https://panamericana.pe/buenosdiasperu/locales/372431-familia-pide-respeto-menor-sobrevivio-ataque-sicarios-san-miguel,2023-02-08 16:45:00+00:00,"El d√≠a de ayer inform√°bamos, que tras el asesinato de una familia de seis miembros, entre ellos dos menores de edad de 10 y 12 a√±os, en el distrito de San Miguel, la Polic√≠a Nacional captur√≥ a uno de los presuntos involucrados en el asesinato y fue trasladado hasta la sede de la Dirincri.
De acuerdo a la polic√≠a, el sujeto identificado como Jos√© Carlos Solari Poz√∫ de 24 a√±os, ser√≠a el conductor del veh√≠culo donde se trasladaban los sicarios para cometer la matanza ocurrido muy cerca del Centro Comercial San Miguel.
Pero el dolor de perder a toda una familia, no terminar√° nunca, para sus seres queridos y esta ma√±ana un equipo de Buenos D√≠as Per√∫, lleg√≥ hasta el distrito de Bre√±a, donde est√°n velando los restos de las victimas de los salvajes sicarios en San Miguel.
Durante el enlace, uno de los familiares denunci√≥ a un medio de comunicaci√≥n, por publicar la foto de un menor de edad como el que estar√≠a denunciando a los asesinos.
Seg√∫n su t√≠a, el programa conducido por la periodista Juliana Oxenford, de afirmar que su sobrino de 17 a√±os, quien estuvo en el salvaje ataque donde cinco de sus familiares fueron acribillados por un grupo de sicarios, habr√≠a reconocido a los sicarios e informado a las autoridades, lo que ella desmiente, afirmando que eso nunca sucedi√≥.
En otro momento se√±al√≥ que ning√∫n miembro de la polic√≠a se ha acercado para brindarle resguardo, ni siquiera para orientarlos sobre las medidas que tomaran para darle garant√≠a a sus vidas.
Cabe se√±alar que ahora, sus familiares se√±alan que no cuentan con los recursos para cubrir todos los gastos de los sepelios y entierros de las v√≠ctimas, por ello solicitan cualquier ayuda econ√≥mica mediante la aplicaci√≥n Yape al n√∫mero 952 404 193.","Yape, Yapear, Yapeo",10.0,GDELT
Responsabilidad social : Meridianbet llev√≥ ayuda a la Asociaci√≥n Misicha,generaccion.com,http://www.generaccion.com/noticia/235619/responsabilidad-social-meridianbet-llevo-ayuda-asociacion-misicha,2023-02-12 14:30:00+00:00,"La labor social en este 2023 contin√∫a en Meridianbet y Meridian Casino, por lo que busca seguir ayudando a las comunidades, organizaciones y personas que m√°s lo necesiten. En esta ocasi√≥n, como tercera donaci√≥n del a√±o, Meridianbet lleg√≥ a la Asociaci√≥n Misicha, asociaci√≥n que se encarga de promover la protecci√≥n, el respeto y cuidado de los animales.
Misicha se encuentra ubicada en el distrito de Surquillo y desde hace 9 a√±os empezaron con la ayuda a gatos abandonados en el Parque Universitario. Iniciaron siendo un grupo peque√±o de j√≥venes, pero luego fueron aumentando y hasta la fecha vienen realizando otras actividades que van de la mano con el fin de ayudar a los animales.
El jueves 9 de febrero, la empresa Meridianbet realiz√≥ un donativo a Misicha. En esta oportunidad, junto al equipo de Meridian Casino, realizaron la entrega de snacks, costales, latas de comida para los perros y gatos, tanto para adultos como cachorros. Adem√°s, tambi√©n se donaron juguetes y √∫tiles de ba√±o y limpieza que son necesarios para que estos animalitos vivan en un ambiente limpio.
La misi√≥n de la Asociaci√≥n Misicha es difundir las buenas pr√°cticas que fomentan el cuidado y respeto hacia los animales de compa√±√≠a en situaci√≥n de abandono. Entre el a√±o 2022 y el 2026 uno de los objetivos es llegar al mill√≥n de personas que puedan sumarse a la asociaci√≥n.
Su visi√≥n es consolidarse como un referente en el pa√≠s en cuanto a la promoci√≥n de una cultura de respeto y cuidado hacia los animales de compa√±√≠a en situaci√≥n de abandono. Tengamos en cuenta que hasta ahora Misicha ha logrado lo siguiente:
Atenciones de salud: +300 gatos
Esterilizaciones: +600 gatos
Adopciones: +850 gatos
Voluntarios activos: +35 cada a√±o
A pesar de haber esfuerzos por parte de Misicha, la irresponsabilidad de toda una ciudad ve al Parque Universitario como la mejor opci√≥n para abandonar gatos. En la actualidad, el Hogar Temporal de la Asociaci√≥n cuenta con 132 gatos, entre adultos y j√≥venes, esperando ser adoptados. Cada vez, la colonia incrementa en cuanto a gatos abandonados. Por eso se necesita que cada vez m√°s personas se sumen al equipo de voluntarios para proteger a estos animales abandonados, promover la adopci√≥n y l√≥gicamente prevenir el abandono animal.
Meridianbet contin√∫a con su compromiso ante la sociedad e invita a todos a sumarse a la ayuda hacia la Asociaci√≥n Misicha. Los que deseen apoyar pueden acercarse a la siguiente direcci√≥n: Manuel Iribarren 999, Surquillo o pueden llamar al siguiente n√∫mero: 954 778 917.
Asimismo, pueden escribir al siguiente correo: misichaperu@gmail.com. Si desean realizar alguna donaci√≥n pueden hacerlo a trav√©s de las siguientes cuentas de banco:
BCP:
19435553912-0-41
CCI: 00219413555391204197
Interbank: 2003001796362
CCI: 003200300179636237
Yape: 954 778 917 - Brigitte Diaz Flores","Yape, Yapear, Yapeo",10.0,GDELT
En marzo ofertar√°n boletos con el 50 % para Sacsayhuam√°n,elmen.pe,https://elmen.pe/en-marzo-ofertaran-boletos-con-el-50-para-sacsayhuaman/,2023-02-22 22:00:00+00:00,"GERCETUR ofrecer√° boletos con el 50% de descuento para conocer la fortaleza de Sacsayhuman√°n y otros parques arqueol√≥gicos en Machu Picchu
¬°Buenas Noticias! Para reactivar la econom√≠a en Cusco, la Gerencia Regional de Comercio Exterior y Turismo (GERCETUR) habilitar√° desde el mes de marzo un descuento de 50% en el costo de boletos para ingresar a la Fortaleza de Sacsayhuam√°n y otros parques arqueol√≥gicos alternos a Machu Picchu.
Al respecto, Abel Matto Leiva, gerente de GERCETUR (Cusco) inform√≥ que, promover√°n una tarifa plana en base a una propuesta t√©cnica que han presentado al directorio para beneficiar a visitantes nacionales. Asimismo, se√±al√≥ que la iniciativa surge con la finalidad de traer de vuelta a los turistas nacionales por la llamada ¬´Ciudad Imperial¬ª.
BREVE REACTIVACI√ìN
En los √∫ltimo meses de la pandemia del Covid-19, se not√≥ una ‚Äúbreve reactivaci√≥n‚Äù promovida por la llegada de turistas provenientes de Lima, el norte y el sur del pa√≠s, por lo que, las autoridades buscan repetir esa afluencia de visitantes a sus atractivos arqueol√≥gicos y paisaj√≠sticos.
Se plante√≥, inicialmente que, la oferta ser√≠a solo durante los fines de semana, cuando llegan m√°s turistas a los parques arqueol√≥gicos, sin embargo, el funcionario de GERCETUR (Cusco) refiri√≥ que muchos visitantes tambi√©n llegan de lunes a viernes.
[LEE M√ÅS: https://elmen.pe/desde-el-1-de-abril-no-se-podra-usar-yape-con-dni/]
PROPUESTAS
‚ÄúRecordemos que los visitantes no vienen solo s√°bado y domingos, muchos vienen y se desplazan durante la semana, entonces, para motivarlos y vean todo este paquete de ofertas que estamos haciendo a todo nivel, estamos brindando esta propuesta t√©cnica‚Äù, explic√≥.
Matto Leiva tambi√©n recalc√≥ que, pese a la convulsi√≥n social en su regi√≥n y otras localidades colindantes, se decidi√≥ no cerrar ninguno de los parques arqueol√≥gicos, con miras a volver a tener los ingresos de antes de la emergencia sanitaria.
SI DESEA PUEDE LEER LA SIGUIENTE NOTA:
Autor de la Masacre de Flores fue incorporado a un programa de ‚Äúprelibertad‚Äù
Nota completa üëáüëáhttps://t.co/j6vEEBsgGg‚Äî Diario El Men (@elmen_pe) February 22, 2023","Yape, Yapear, Yapeo",10.0,GDELT
BCP eliminar√° cuentas de Yape con DNI el pr√≥ximo 1 de abril : ¬ø qu√© pasar√° con el dinero ? ,expreso.com.pe,https://www.expreso.com.pe/economia/bcp-eliminara-cuentas-de-yape-con-dni-el-proximo-1-de-abril-que-pasara-con-el-dinero/,2023-02-23 04:00:00+00:00,"BCP eliminar√° cuentas de Yape con DNI el pr√≥ximo 1 de abril: ¬øqu√© pasar√° con el dinero?
El servicio se renovar√° para ofrecer nuevos beneficios.
BCP eliminar√° cuenta de Yape con DNI el pr√≥ximo 1 de abril.
El Banco de Cr√©dito del Per√∫ anunci√≥ que eliminar√°, desde el pr√≥ximo 1 de abril, las cuentas de Yape abiertas solo con Documento Nacional de Identidad (DNI).
El aplicativo anunci√≥ a trav√©s de sus diversos canales de comunicaci√≥n que dar√°n de baja el servicio de la billetera virtual. Sin embargo, precis√≥ que ha creado un nuevo tipo de cuenta Yape con DNI, la cual incluir√° mejores beneficios, nuevas funcionalidades y sin ning√∫n costo de mantenimiento.
Al migrar o crear una cuenta Yape con DNI, el dinero se guardar√° en una cuenta de ahorros que se le abrir√° al usuario en el BCP.
Es importante destacar que la cuenta Yape con DNI le facilita al usuario una cuenta BCP solo para tr√°mites de la aplicaci√≥n. Es decir que, no se le otorgar√° una tarjeta y cuando elimine su cuenta Yape tambi√©n se cerrar√° su cuenta BCP.
M√ÅS INFORMACI√ìN: Yape y Plin: Usuarios podr√°n hacer operaciones entre ambas ¬ødesde cu√°ndo?
¬øQu√© pasar√° con mi saldo?
Quienes tengan una cuenta con DNI deben hacer ‚Äòclick‚Äô en la opci√≥n ‚ÄúRenovar mi Yape‚Äù. Tras ello, su saldo migrar√° a una nueva cuenta y el usuario recibir√° un mensaje de texto confirmando la transacci√≥n y un correo de bienvenida.
Beneficios por renovar tu cuenta Yape con DNI
Al actualizar su cuenta Yape, los usuarios podr√°n recibir hasta S/ 20,000 en yapeos diarios, enviar S/500 al d√≠a, realizar compras por internet, acceder a cr√©ditos, pagar servicios de luz, agua y m√°s.
¬øY si me desafilio de Yape con DNI?
De acuerdo a la informaci√≥n del aplicativo, se realizar√° un giro en un plazo de tres d√≠as h√°biles. El usuario deber√° acercarse a cualquier agencia BCP, de lunes a viernes de 9.00 a.m. a 6:00 p.m. y s√°bados de 9.00 a.m. a 1.00 p.m. Solo es necesario llevar el DNI y solicitar el cobro de su giro Yape.
SEGUIR LEYENDO:
MYPE: conoce las nuevas maneras de acceder a financiamiento para tu negocio
Estos son los cuatro mitos m√°s comunes sobre el Sistema Nacional de Pensiones
Puno: cancelaci√≥n de la Fiesta de la Candelaria provoc√≥ p√©rdidas
Mira m√°s contenidos sigui√©ndonos en Facebook, Twitter, Instagram, TikTok y √∫nete a nuestro grupo de Telegram para recibir las noticias del momento.","Yape, Yapear, Yapeo",100.0,GDELT
BCP eliminar√° cuentas de yape creadas con DNI a partir del 1 de abril,larazon.pe,https://larazon.pe/bcp-eliminara-cuentas-de-yape-creadas-con-dni-a-partir-del-1-de-abril/,2023-02-24 14:15:00+00:00,"Esta medida ser√° necesaria para quienes crearon sus cuentas con DNI antes del 3 de setiembre del 2022.
Lee tambi√©n:
Atenci√≥n, ¬´yaperos¬ª. Los usuarios de Yape que se afiliaron a la aplicaci√≥n solo con su documento nacional de identidad (DNI) tendr√°n que migrar a la nueva Cuenta Yape con DNI para poder disfrutar de todos sus beneficios y funcionalidades. Esta nueva cuenta posee el respaldo de una cuenta bancaria.
Desde el 1 de abril del presente a√±o, si un usuario de la aplicaci√≥n ingresa al aplicativo solo podr√° renovar su cuenta o desafiliarse y crear una nueva para que pueda seguir yapeando.
Esta medida ser√° necesaria para los usuarios que crearon sus cuentas antes del 3 de setiembre del a√±o pasado.
‚ÄúActualmente m√°s de medio mill√≥n de yaperos ya migraron a la nueva Cuenta Yape con DNI, con la que pueden acceder a todas las funcionalidades que hoy ofrece Yape, como la recarga de celular, el pago de servicios, el acceso a promociones, entre otros‚Äù, se√±al√≥ Yape en un comunicado.
Al momento de migrar a la nueva Cuenta Yape con DNI se le crear√° a cada usuario una cuenta BCP de manera autom√°tica, para usarla exclusivamente con la billetera m√≥vil.
Los usuarios no deben preocuparse porque tanto el monto que ten√≠an guardado en la aplicaci√≥n, as√≠ como los movimientos en su cuenta actual migrar√°n de forma autom√°tica a la nueva cuenta Yape con DNI.
¬øLas cuentas con DNI ser√°n eliminadas?
La aplicaci√≥n se√±ala que los usuarios que tomen la decisi√≥n de desafiliarse, y tengan dinero, se les realizar√° un giro en un plazo de tres d√≠as h√°biles y podr√°n cobrarlo en cualquier agencia del Banco de Cr√©dito del Per√∫ (BCP)
Si un usuario de la aplicaci√≥n no migra su cuenta desde el 1 de abril, la cuenta no se eliminar√° de forma autom√°tica. Sin embargo, para que los yaperos puedan seguir usando la aplicaci√≥n tendr√°n que migrar a la nueva cuenta.
‚ÄúTodos los cambios que realizamos en Yape siempre est√°n orientados a ofrecer la mejor experiencia a nuestros usuarios, de manera que podemos generar valor en su d√≠a a d√≠a con soluciones seguras, r√°pidas y sencillas‚Äù, se√±al√≥ Yape.
¬øC√≥mo puedo crearme una cuenta de ahorros Yape?
-Ingresa al men√∫ (las 3 rayitas al lado superior izquierdo de la pantalla).
-Selecciona la opci√≥n ¬´Renovar mi Yape¬ª.
-Elige ¬´Empezar¬ª.
-Confirma el dinero que se va a transferir a tu nueva Cuenta Yape con DNI.
-Sigue las instrucciones para validar tu identidad.","Yape, Yapear, Yapeo",100.0,GDELT
Per√∫ Sostenible y Ciudadanos al D√≠a se unen para premiar las  Buenas Pr√°cticas en Gesti√≥n P√∫blica  ,commondigital.commonperu.com,http://www.commondigital.commonperu.com/index.php/locales/44935-peru-sostenible-y-ciudadanos-al-dia-se-unen-para-premiar-las-buenas-practicas-en-gestion-publica,2023-02-24 06:00:00+00:00,"Per√∫ Sostenible y Ciudadanos al D√≠a se unen para premiar las ‚ÄúBuenas Pr√°cticas en Gesti√≥n P√∫blica‚Äù
En el marco de la Agenda 2030, hay objetivos importantes que atender y uno de ellos involucra la consolidaci√≥n de la articulaci√≥n del sector p√∫blico y privado. Es as√≠ como Per√∫ Sostenible, red de empresas que promueve el desarrollo sostenible, en colaboraci√≥n con Ciudadanos al D√≠a (CAD) han promovido la categor√≠a Cooperaci√≥n P√∫blico - Privada del premio a las Buenas Pr√°cticas en Gesti√≥n P√∫blica, iniciativa que desde el a√±o 2005 fomenta y promueve la identificaci√≥n, reconocimiento y divulgaci√≥n de iniciativas lideradas por entidades p√∫blicas, y su colaboraci√≥n con agentes del sector privado, la academia y la sociedad civil, que han producido destacados resultados en beneficio de la ciudadan√≠a.
En este sentido, el 05 de septiembre de este a√±o, Ciudadanos al D√≠a (CAD) organiz√≥ la ceremonia de reconocimiento, donde se premiaron a las iniciativas ganadoras en las diferentes categor√≠as y premios especiales, entre las cuales resalt√≥ la pr√°ctica ‚ÄúCobro de subsidios monetarios otorgados por el Estado en el contexto de COVID-19‚Äù a trav√©s de billeteras digitales para ciudadanos en pobreza y vulnerabilidad, promoviendo la inclusi√≥n financiera del Programa Nacional de Asistencia Solidaria Pensi√≥n 65, la misma que a criterio del Jurado del Premio result√≥ ganadora de la categor√≠a de Cooperaci√≥n P√∫blico Privada.
Esta iniciativa surgi√≥ en el marco de la emergencia sanitaria, producto de la pandemia, en donde empezaron los subsidios monetarios por parte del Estado en septiembre del 2020, y en donde se identific√≥ que el 57% de beneficiarios no eran parte del sistema financiero, lo cual significaba que esa poblaci√≥n requiera trasladarse a una agencia bancaria cercana. Y en ese marco, se present√≥ una reducci√≥n de la capacidad operativa, aforo y/o cierre de las agencias bancarias para el cobro del Bono 600 y Bono Yanapay. En este sentido, la problem√°tica gener√≥ la aglomeraci√≥n de beneficiarios en las agencias bancarias, traslados infructuosos, costos de traslado y riesgo a exposici√≥n del COVID-19.
De esta manera, el Programa Pensi√≥n 65 junto a entidades financieras tales como Banco de Cr√©dito (Yape), Banco Interbank (Tunki), Compartamos Financiera (BIM), Caja Rural de Ahorro y Cr√©dito Los Andes S.A y Banco de la Naci√≥n; realizaron un trabajo articulado para determinar las entidades financieras que expresan voluntad para adherirse al proceso de pago y las modalidades de pago disponibles, implementando como alternativa el uso de billeteras digitales que permite una mayor rapidez de ejecuci√≥n del cobro, la inclusi√≥n financiera de los beneficiarios, evita la presencialidad, costos y exposici√≥n al riesgo de contagio en el contexto del COVID-19 y que demuestra que una alianza p√∫blico-privada puede cerrar brechas de atenci√≥n a las poblaciones en situaci√≥n de pobreza y/o vulnerables, favoreciendo su inclusi√≥n financiera.
Como principales resultados, se tuvieron que a trav√©s de esta modalidad se var√≠a de 82,795 (personas incorporadas a esta modalidad en subsidios monetarios) a 1,059,302 quienes son incorporados en el sistema financiero formal del pa√≠s; y por ello, con capacidad para acceder a productos financieros. Con ello, se pudo ejecutar acciones de cobro a trav√©s de un medio digital sin el contacto directo con el papel moneda; y, se reduce el tiempo de cobro, reducci√≥n del costo de cobro subsidios econ√≥micos que, de haber sido programados en alguna modalidad de cobro con requerimiento de presencialidad f√≠sica en una agencia bancaria, les hubiera demandado un esfuerzo econ√≥mico de S/ 13.00 per c√°pita.
Iniciativas como estas demuestran resultados positivos de articulaci√≥n de distintos actores como el sector p√∫blico, privado y sociedad civil que generan un pa√≠s m√°s pr√≥spero.","Yape, Yapear, Yapeo",10.0,GDELT
Se complica el estado de salud de una las ni√±as que result√≥ con quemaduras de tercer grado,diariovoces.com.pe,https://diariovoces.com.pe/229804/se-complica-el-estado-de-salud-de-una-las-ninas,2023-02-25 16:45:00+00:00,"Tras recibir injerto de piel la menor fue ingresada a Cuidados Intensivos
Las dos ni√±as que resultaron con quemaduras de tercer grado fueron sometidas a intervenciones quir√∫rgica para trasplante de piel, sin embargo, la menor de ella se encuentra intubada en la Unidad de Cuidados Intensivos del Hospital de San Borja a donde fueron referidas y la mayor de cuatro a√±os comenz√≥ a reaccionar favorablemente.
Mar√≠a Salas, t√≠a de las ni√±as manifest√≥ su agradecimiento por el apoyo que vienen recibiendo, tal como lo hicieron ayer las integrantes de la asociaci√≥n de damas Manos Unidas, quienes entregaron 417 soles, dinero recaudado en colectas en el centro de Tarapoto, tambi√©n ropa y gasas quir√∫rgicas que fueron donados por el Colegio M√©dico y servir√°n para el tratamiento de las dos hermanitas.
La familia Reyes Fasanando requieren de m√°s apoyo, ya que seguir√°n en Lima por un tiempo indeterminado y en la capital de la Rep√∫blica no tienen familiares y las personas que deseen ayudarles con un aporte econ√≥mico, lo pueden hacer mediante sistema Yape al 950 434 671. ‚ÄúGracias quienes de coraz√≥n no est√°n ayudando con un granito de arena. Tambi√©n necesitamos que nos ayuden con sus oraciones para que mis sobrinas se recuperen pronto‚Äù indic√≥ Mar√≠a Salas. (Hugo Anteparra)","Yape, Yapear, Yapeo",10.0,GDELT
Transferencias entre Yape y Plin no tendr√°n costo : ¬ø C√≥mo funcionar√° y desde cu√°ndo ? ,peru-retail.com,https://www.peru-retail.com/transferencias-entre-yape-y-plin-no-tendran-costo-como-funcionara-y-desde-cuando/,2023-02-28 18:00:00+00:00,"Debido a que las billeteras digitales han tomado gran protagonismo en el mercado desde 2016 y al menos la mitad de los peruanos las utilizan para realizar pagos, en octubre de 2022 el Banco Central de Reserva del Per√∫ (BCR) public√≥ el reglamento de interoperabilidad que exige que estas e-Wallet operen entre s√≠ en beneficio de los usuarios.
En tanto, tras la regulaci√≥n del BCR, se podr√° realizar transferencias entre Yape y Plin desde finales de marzo de 2023. De esta manera, ahora los peruanos tendr√°n la opci√≥n de yapear o plinear a un usuario de la billetera electr√≥nica del competidor.
Por lo tanto, Yape y Plin tienen hasta el 31 de marzo para adaptar sus procesos. Ambas billeteras digitales afirmaron al diario La Rep√∫blica que no cobrar√°n ninguna comisi√≥n por la transferencia de dinero.
En esta l√≠nea, Miguel Ib√°√±ez, product owner de Yape y l√≠der del proceso de interoperabilidad, asegur√≥ al medio citado que Yape no cobrar√° comisiones por las transferencias a otras billeteras.
Subray√≥ que Yape naci√≥ con el objetivo de ser interoperable, por lo cual los yaperos deben tener la tranquilidad de que no se les va a cobrar ni un sol por dichas transacciones. ‚ÄúPrueba de ello es que actualmente ya interoperamos con otras nueve entidades‚Äù, destac√≥ Ib√°√±ez.
Billeteras digitales trabajan en conjunto para sacar adelante el proyecto
Mientras que Mauricio S√°nchez, head de Plin, se√±al√≥ que las billeteras digitales est√°n trabajando en conjunto y a buen ritmo para sacar adelante el proyecto dentro del plazo otorgado por el BCR.
Lea tambi√©n: Usuarios podr√°n realizar transferencias entre Yape y Plin: ¬ødesde cu√°ndo?
S√°nchez puntualiz√≥ que se han definido distintos hitos que buscan asegurar el correcto funcionamiento y que este sea un proyecto exitoso para continuar conectando financieramente a los peruanos. As√≠, esperan que como resultado se promueva la inclusi√≥n financiera, la digitalizaci√≥n de los medios de pago y la disminuci√≥n del uso de efectivo.
¬øC√≥mo se realizar√°n las transferencias entre Yape y Plin?
Las operaciones entre las billeteras digitales se realizar√°n utilizando el n√∫mero de celular de los usuarios, el que ya se tiene agregado como contacto o un n√∫mero celular que se ingrese en ese momento. No obstante, en la segunda fase, que tiene como fecha l√≠mite el 30 de junio, las trasferencias tambi√©n podr√°n efectuarse mediante la lectura de un c√≥digo QR.
Cabe destacar que m√°s de 12 millones de usuarios de Yape y m√°s de 10 millones de clientes de Plin se ver√°n beneficiados con esta funcionalidad.
BCR sancionar√° a billeteras digitales que no cumplan con sus obligaciones
Recordemos que las billeteras digitales pueden ser sancionadas por el Banco Central de Reserva con una multa de 5 UT (S/ 24.750) semanales hasta que cumplan con sus obligaciones, como iniciar la interoperabilidad dentro del plazo indicado, cumplir con los lineamientos de experiencia de usuarios, entre otros.
Tambi√©n la multa ser√≠a m√°s grave por no informar de ning√∫n cambio al BCR. Las multas tendr√≠an un valor m√≠nimo de 1,5 UIT y m√°ximo de 20 UIT por d√≠a de retraso.
Si deseas conocer m√°s sobre la regulaci√≥n del Banco Central de Reserva ingresa a esta nota de Per√∫ Retail.
lea tambi√©n: BCP eliminar√° cuenta de Yape con DNI desde el 1 de abril: ¬øQu√© pasar√° con mi saldo?","Yape, Yapear, Yapeo",70.0,GDELT
